TOP 7 IDEA LIBRARY,,,,,,,,,,,,,,,,,,,,
REFERENCE TAB — researched offer summaries. Update only after a deliberate research review.,,,,,,,,,,,,,,,,,,,,
,,,,,,,,,,,,,,,,,,,,
Idea ID,Rank,Title,Decision,Research Score,Test Status,Intro Price,Deposit,Balance,Est. Hours,Immediate Income Target,Target Market,Ideal Customer,Decision Maker,Customer Problem,Buying Trigger,Why They Pay,Offer Name,Offer Summary,Research Conclusion,Source Report
IDEA-01,1,24-Hour Mobile Booking-Page Rescue,GO WITH CHANGES,8,Active,$149.00,$75.00,$74.00,3-5 hours,Collect a $75 deposit within 24-48 hours toward a $149 project.,"Owner-operated tourism, wellness, recreation, photography, event, restaurant, food-truck, and visitor-service businesses in Asheville and Buncombe County, North Carolina.","Owner-operated tour, wellness, photography, or event business with 1-10 employees and an active offer but a weak, missing, or hard-to-use mobile booking path.",Owner or general manager,Mobile visitors cannot quickly understand the offer or take the next step.,"Upcoming weekend, seasonal promotion, reopening, new service, or a social profile sending traffic to a poor website.",Can approve $75-$249 quickly when the page supports a current revenue-producing offer.,24-Hour Booking-Ready Page,"Sell an owner-operated business a simple mobile-friendly booking or promotional page within 24 hours. It shows the main offer, click-to-call and booking/contact actions, hours, directions, FAQs, one testimonial, and social links. A hosted preview is provided after a deposit.","Test immediately, but sell it as a mobile conversion page that connects to the customer’s existing booking, ordering, phone, or contact tool. Do not promise a custom booking system for $149. The visible 24-hour turnaround and local handoff are the differentiators.",IDEA_1_24-Hour_Mobile_Booking-Page_Rescue_REPORT.docx
IDEA-02,2,Same-Day Broken Website and CTA Repair,GO,9,Queued,$75.00,$40.00,$35.00,1.5-3 hours,Collect a $40 deposit within 24-48 hours toward a $75 same-day repair.,"Asheville and Buncombe County restaurants, spas, salons, tour operators, contractors, photographers, and service businesses with broken, missing, buried, or confusing website actions.","An owner-operated restaurant, salon/spa, tour operator, photographer, or home-service company whose mobile site receives traffic but has a broken or confusing primary action.","Owner, manager, or the person who maintains the website","Customers cannot call, book, order, see a menu, or request service because a key action is broken or hard to find.","A broken link, outdated menu, recent website edit, seasonal traffic, ad campaign, or customer complaint.",A $40 deposit is plausible when the defect is verified and the fix avoids lost inquiries.,Same-Day 3-CTA Repair,"Fix or add up to three high-value customer-action links such as call, contact, booking, ordering, menu, map, or directions; include one reasonable mobile-layout correction, link testing, and before-and-after screenshots.","This is the strongest immediate-cash test because the problem is visible, easy to demonstrate, and bounded. Keep the $75 offer for link/button fixes only; quote separately when the diagnosis reveals theme, plugin, hosting, account-access, or checkout problems.",IDEA_2_Same-Day_Broken_Website_and_CTA_Repair_REPORT.docx
IDEA-03,3,AI-Assisted Promotional Content Pack,GO WITH CHANGES,7,Queued,$99.00,$50.00,$49.00,3-5 hours,Sell one $99 pack and collect at least a $50 deposit in 24-48 hours.,"Asheville restaurants, food trucks, retailers, tourism businesses, event vendors, wellness providers, contractors, and other owner-operated businesses without a dedicated marketer.","An owner-operated food, tourism, retail, wellness, or event business with an offer launching in the next 14 days and no in-house content employee.",Owner or marketing-capable manager,"A real promotion exists, but the owner lacks time and ready-to-post assets.","Weekend event, reopening, seasonal menu, ticket deadline, slow booking period, or new service.","A $50 deposit is realistic when the package supports an imminent, specific promotion.",One-Offer Promo Sprint,"Create a rapid promotional package with AI-assisted drafting and design followed by human editing and fact-checking: social posts, matching graphics, captions, calls to action, and a short email promoting one current offer, event, reopening, seasonal special, or service.","Viable as a tightly scoped “one offer, one campaign” pack. Avoid vague monthly social-media management. Require the owner to approve all facts, prices, images, trademarks, and claims before final delivery.",IDEA_3_AI-Assisted_Promotional_Content_Pack_REPORT.docx
IDEA-04,4,Google Business Profile Cleanup Session,GO WITH CHANGES,8,Queued,$99.00,$50.00,$49.00,2-3 hours including audit,Book one $99 session and collect payment or at least $50 deposit in 24-48 hours.,"Established, newly opened, or reopened Asheville/Buncombe restaurants, contractors, salons, spas, tourism operators, professional services, and local stores with incomplete or outdated profiles.","A verified, single-location local service, tourism, food, or wellness business whose public profile shows inaccurate hours, missing links, weak categories, or stale photos.",Verified owner or authorized manager,Customers see wrong or incomplete information at the moment they search or navigate.,"Reopening, relocation, new hours, new services, ownership change, holiday schedule, or customer complaints.",The $99 session is credible when the prospect can see multiple factual errors and owns a verified profile.,Google Profile Accuracy Session,"Guide a business owner through correcting inaccurate or incomplete Google Business Profile information: categories, hours, contact details, links, services, photos, description, and other owner-approved fields. Do not promise rankings, approval, or immediate publication.","Sell an owner-controlled accuracy cleanup and checklist, not “ranking optimization.” Google provides the profile free, can review edits, and controls publication. A guided session avoids requesting passwords and keeps final decisions with the owner.",IDEA_4_Google_Business_Profile_Cleanup_Session_REPORT.docx
IDEA-05,5,Customer Review-Response Package,GO WITH CHANGES,7,Queued,$75.00,$40.00,$35.00,2.5-4 hours,Sell one $75 introductory package covering up to 20 responses and collect at least a $40 deposit in 24-48 hours.,"Asheville restaurants, hotels, vacation services, tourism businesses, salons, spas, contractors, medical/wellness offices, retailers, and other businesses receiving regular public reviews.","An independent restaurant, hotel, tour operator, salon/spa, or home-service business with at least 8 recent unanswered reviews and an identifiable owner/manager.","Owner, general manager, or guest-experience manager","Unanswered reviews create a visible backlog and negative reviews lack a calm, owner-approved response.","Recent one-to-three-star review, reopening, management change, busy season, or growing review volume.",A $40-$50 deposit is credible when the backlog is public and the tone risk is clear.,Local Voice Review Reply Pack,"Draft personalized professional responses to recent unanswered reviews, including positive, neutral, and negative reviews, a reusable tone guide, and templates. The business approves every response before posting.","Demand exists inside broader reputation management, but response writing alone is easy to commoditize. Keep human review, local voice, and business approval central. Change the $75 scope to 12 responses; offer up to 20 for $99 so negative or sensitive reviews receive adequate care.",IDEA_5_Customer_Review-Response_Package_REPORT.docx
IDEA-06,6,Simple Lead-Capture Form and Follow-Up System,GO,9,Queued,$149.00,$75.00,$74.00,2-4 hours,Collect a $75 deposit in 24-48 hours toward a $149 setup.,"Asheville/Buncombe contractors, home-service providers, photographers, event vendors, consultants, wellness businesses, tour operators, and small companies relying on calls, social DMs, or outdated forms.","An owner-operated contractor, photographer, event vendor, tour, or non-clinical wellness business that receives inquiries but lacks a reliable mobile form and response log.",Owner or office manager,"Lead details arrive across calls and DMs, are incomplete, and can be lost or answered late.","Missed calls, rapid growth, new advertising, busy season, or a broken/absent website form.",A $75 deposit is reasonable when a missed lead could be worth more than the setup price.,Never-Lose-a-Lead Starter Form,"Build a mobile-friendly form collecting a prospect’s name, contact information, requested service, and message; connect it to email notification or a spreadsheet; add an immediate confirmation and one follow-up template; test and hand off.","A strong fixed-scope offer when sold to businesses visibly relying on DMs or broken forms. Use the customer’s own Google/Jotform account and avoid collecting sensitive health, financial, identity, or payment data in the starter package.",IDEA_6_Simple_Lead-Capture_Form_and_Follow-Up_System_REPORT.docx
IDEA-07,7,Basic Business Automation Setup,GO WITH CHANGES,8,Queued,$149.00,$75.00,$74.00,3-6 hours,Sell one $149-$199 starter automation and collect at least a $75 deposit in 24-48 hours.,"Owner-operated and small Asheville/Buncombe service businesses manually processing inquiries, appointments, follow-ups, estimates, or routine administrative information.","An owner-operated contractor, photographer, event vendor, tour, or appointment business using two common cloud tools and repeating the same copy/paste or notification task several times each week.",Owner or office manager,A repetitive lead or appointment task consumes time and causes delay or lost information.,"Higher inquiry volume, missed follow-ups, new form, new calendar, or owner overload.",A $75 deposit is plausible when the owner can quantify repeated work and the workflow uses existing supported integrations.,One-Workflow Automation Sprint,"Set up one clearly defined automation that removes a repetitive administrative step—for example routing a form to a spreadsheet, notifying an owner, sending a confirmation, organizing inquiries, creating reminders, or connecting two existing tools.","Viable if the opening offer is one trigger, one or two actions, and existing supported tools. Avoid vague “AI automation” promises. The customer should own every account and recurring subscription, and the workflow must include failure alerts and a manual fallback.",IDEA_7_Basic_Business_Automation_Setup_REPORT.docx
