RANKED OPPORTUNITIES,,,,,,,,,,,,,,,,
Top seven rows are backed by full research reports. Scores are 1–10; risk score 10 means lower scam/platform risk.,,,,,,,,,,,,,,,,
,,,,,,,,,,,,,,,,
Rank,Opportunity,Customer Speed,Earn ≤48h,Payment Access,$0 Start,Tool Fit,Ease,Demand,Buyers Now,Low Risk,Total /90,Research Decision,Report Score,Intro Price,Deposit,Test Status
1,24-Hour Mobile Booking-Page Rescue,8,7,9,10,10,8,8,9,9,78,GO WITH CHANGES,8,$149.00,$75.00,Active
2,Same-Day Broken Website and CTA Repair,9,7,9,10,10,7,8,8,9,77,GO,9,$75.00,$40.00,Queued
3,AI-Assisted Promotional Content Pack,8,6,9,10,9,9,7,9,9,76,GO WITH CHANGES,7,$99.00,$50.00,Queued
4,Google Business Profile Cleanup Session,7,7,9,10,8,8,8,9,8,74,GO WITH CHANGES,8,$99.00,$50.00,Queued
5,Customer Review-Response Package,7,5,9,10,9,10,6,9,9,74,GO WITH CHANGES,7,$75.00,$40.00,Queued
6,Simple Lead-Capture Form and Follow-Up System,7,6,9,9,10,7,8,8,9,73,GO,9,$149.00,$75.00,Queued
7,Basic Business Automation Setup,5,5,9,9,10,5,8,8,9,68,GO WITH CHANGES,8,$149.00,$75.00,Queued
8,Ethical lead-list cleanup/research,5,5,8,10,8,7,7,7,8,65,Not yet researched,,,,Backlog
9,Same-day local labor found online,8,7,8,9,5,6,7,8,5,63,Not yet researched,,,,Backlog
10,Local graphic/design gigs,5,4,7,10,9,8,6,5,7,61,Not yet researched,,,,Backlog
11,Digital templates sold online,3,2,7,10,9,8,6,7,9,61,Not yet researched,,,,Backlog
12,Upwork landing-page proposals,4,3,3,8,10,7,8,8,8,59,Not yet researched,,,,Backlog
13,User-testing/research platforms,5,2,1,10,5,9,5,6,8,51,Not yet researched,,,,Backlog
